{
  "method": "bias_only",
  "temperature": 1.1,
  "coef": 1.1,
  "intercept": -0.14999999999999997,
  "decision_threshold": 0.10208768874771529,
  "target_recall": 0.95,
  "fitted_at": "2026-06-15T09:59:27.073862+00:00",
  "n_samples": 246,
  "source_model": "alex5050",
  "calibration_size": 0.3
}