{
  "method": "bias_only",
  "temperature": 1.3,
  "coef": 1.3,
  "intercept": -0.26,
  "decision_threshold": 0.11441744725322653,
  "target_recall": 0.95,
  "fitted_at": "2026-06-11T17:21:50.136445+00:00",
  "n_samples": 246,
  "source_model": "alex5050",
  "calibration_size": 0.3
}