{
  "method": "bias_only",
  "temperature": 1.0,
  "coef": 1.0,
  "intercept": -0.05,
  "decision_threshold": 0.09516547634146555,
  "target_recall": 0.95,
  "fitted_at": "2026-06-09T17:43:12.675971+00:00",
  "n_samples": 246,
  "source_model": "alex5050",
  "calibration_size": 0.3
}