{
  "generated_at": "2026-06-10T14:42:05.191621+00:00",
  "model": "alex5050",
  "dataset": {
    "consented_records_total": 3000,
    "usable_records": 2465,
    "evaluation_records": 493,
    "evaluation_positive": 193,
    "evaluation_negative": 300,
    "skipped_missing_label": 535,
    "skipped_missing_features": 0,
    "test_size": 0.2,
    "seed": 42
  },
  "core_model_quality": {
    "roc_auc": 0.9124525043177892,
    "roc_auc_ci95": {
      "mean_bootstrap": 0.9131385278345603,
      "lower": 0.8821633854917383,
      "upper": 0.9383113032723716
    },
    "pr_auc": 0.8882132137567166,
    "pr_auc_ci95": {
      "mean_bootstrap": 0.8873070617289711,
      "lower": 0.8427852154909902,
      "upper": 0.9241169909939334
    },
    "brier_score": 0.11714226316248846,
    "brier_score_ci95": {
      "mean_bootstrap": 0.11742642377925992,
      "lower": 0.09859367217888111,
      "upper": 0.13608111378572166
    },
    "calibration_slope": 1.0307763643322174,
    "calibration_intercept": -0.6844033949567296,
    "expected_calibration_error": 0.07960026961517178,
    "threshold_metrics": {
      "default_or_override": {
        "threshold": 0.37,
        "accuracy": 0.8275862068965517,
        "precision": 0.7307692307692307,
        "recall": 0.8860103626943006,
        "f1": 0.8009367681498829,
        "sensitivity": 0.8860103626943006,
        "specificity": 0.79,
        "ppv": 0.7307692307692307,
        "npv": 0.915057915057915,
        "tp": 171,
        "fp": 63,
        "tn": 237,
        "fn": 22
      },
      "best_f1": {
        "threshold": 0.5762927599625381,
        "accuracy": 0.847870182555781,
        "precision": 0.7836538461538461,
        "recall": 0.844559585492228,
        "f1": 0.8129675810473815,
        "sensitivity": 0.844559585492228,
        "specificity": 0.85,
        "ppv": 0.7836538461538461,
        "npv": 0.8947368421052632,
        "tp": 163,
        "fp": 45,
        "tn": 255,
        "fn": 30
      },
      "best_youden_j": {
        "threshold": 0.5762927599625381,
        "accuracy": 0.847870182555781,
        "precision": 0.7836538461538461,
        "recall": 0.844559585492228,
        "f1": 0.8129675810473815,
        "sensitivity": 0.844559585492228,
        "specificity": 0.85,
        "ppv": 0.7836538461538461,
        "npv": 0.8947368421052632,
        "tp": 163,
        "fp": 45,
        "tn": 255,
        "fn": 30
      }
    },
    "calibration_curve": {
      "mean_predicted_probability": [
        0.07832739831159766,
        0.10823014130242511,
        0.13256794252834958,
        0.1689942552141878,
        0.24557538323880868,
        0.461087499706034,
        0.7255984441036438,
        0.8532258800133304,
        0.9491274519121704,
        0.983278015187265
      ],
      "fraction_of_positives": [
        0.06,
        0.08163265306122448,
        0.02040816326530612,
        0.061224489795918366,
        0.14,
        0.40816326530612246,
        0.42857142857142855,
        0.7959183673469388,
        0.9591836734693877,
        0.96
      ]
    }
  },
  "calibrated_core_model_quality": {
    "roc_auc": 0.9124525043177892,
    "roc_auc_ci95": {
      "mean_bootstrap": 0.9121577725272757,
      "lower": 0.8848427782492588,
      "upper": 0.9380727806579594
    },
    "pr_auc": 0.8882132137567166,
    "pr_auc_ci95": {
      "mean_bootstrap": 0.8893032283942245,
      "lower": 0.8481851990666912,
      "upper": 0.9226186471053593
    },
    "brier_score": 0.10907363401642038,
    "brier_score_ci95": {
      "mean_bootstrap": 0.10901302500757794,
      "lower": 0.0903367001119848,
      "upper": 0.12686474152644492
    },
    "calibration_slope": 1.0311078621154925,
    "calibration_intercept": -0.20483403397880004,
    "expected_calibration_error": 0.0417151619830182,
    "threshold_metrics": {
      "default_or_override": {
        "threshold": 0.37,
        "accuracy": 0.8377281947261663,
        "precision": 0.7603686635944701,
        "recall": 0.8549222797927462,
        "f1": 0.8048780487804879,
        "sensitivity": 0.8549222797927462,
        "specificity": 0.8266666666666667,
        "ppv": 0.7603686635944701,
        "npv": 0.8985507246376812,
        "tp": 165,
        "fp": 52,
        "tn": 248,
        "fn": 28
      },
      "best_f1": {
        "threshold": 0.46072434392903133,
        "accuracy": 0.847870182555781,
        "precision": 0.7836538461538461,
        "recall": 0.844559585492228,
        "f1": 0.8129675810473815,
        "sensitivity": 0.844559585492228,
        "specificity": 0.85,
        "ppv": 0.7836538461538461,
        "npv": 0.8947368421052632,
        "tp": 163,
        "fp": 45,
        "tn": 255,
        "fn": 30
      },
      "best_youden_j": {
        "threshold": 0.46072434392903133,
        "accuracy": 0.847870182555781,
        "precision": 0.7836538461538461,
        "recall": 0.844559585492228,
        "f1": 0.8129675810473815,
        "sensitivity": 0.844559585492228,
        "specificity": 0.85,
        "ppv": 0.7836538461538461,
        "npv": 0.8947368421052632,
        "tp": 163,
        "fp": 45,
        "tn": 255,
        "fn": 30
      }
    },
    "calibration_curve": {
      "mean_predicted_probability": [
        0.050706488155092454,
        0.07085204640852971,
        0.0876036477999657,
        0.11332266219365206,
        0.17019308084937848,
        0.3541201219670581,
        0.6256160500430608,
        0.7860786925299214,
        0.921569747119355,
        0.9736886191757602
      ],
      "fraction_of_positives": [
        0.06,
        0.08163265306122448,
        0.02040816326530612,
        0.061224489795918366,
        0.14,
        0.40816326530612246,
        0.42857142857142855,
        0.7959183673469388,
        0.9591836734693877,
        0.96
      ]
    }
  },
  "calibration": {
    "applied": true,
    "method": "bias_only",
    "source_model": "alex5050",
    "calibration_size": 0.3
  },