{
  "generated_at": "2026-06-10T14:44:36.749731+00:00",
  "model": "mustafa",
  "dataset": {
    "consented_records_total": 3000,
    "usable_records": 2465,
    "evaluation_records": 493,
    "evaluation_positive": 193,
    "evaluation_negative": 300,
    "skipped_missing_label": 535,
    "skipped_missing_features": 0,
    "test_size": 0.2,
    "seed": 42
  },
  "core_model_quality": {
    "roc_auc": 0.9164421416234887,
    "roc_auc_ci95": {
      "mean_bootstrap": 0.9170015730286476,
      "lower": 0.8881835438403873,
      "upper": 0.9409263243715864
    },
    "pr_auc": 0.8974623454827656,
    "pr_auc_ci95": {
      "mean_bootstrap": 0.8965331923994088,
      "lower": 0.8613743860948072,
      "upper": 0.9267129279155975
    },
    "brier_score": 0.11039812118481068,
    "brier_score_ci95": {
      "mean_bootstrap": 0.11042778912760136,
      "lower": 0.09312209205435255,
      "upper": 0.12944226403079445
    },
    "calibration_slope": 1.0533943787861633,
    "calibration_intercept": -0.3065877670466155,
    "expected_calibration_error": 0.04603072056957404,
    "threshold_metrics": {
      "default_or_override": {
        "threshold": 0.2877254509018036,
        "accuracy": 0.8296146044624746,
        "precision": 0.7359307359307359,
        "recall": 0.8808290155440415,
        "f1": 0.8018867924528302,
        "sensitivity": 0.8808290155440415,
        "specificity": 0.7966666666666666,
        "ppv": 0.7359307359307359,
        "npv": 0.9122137404580153,
        "tp": 170,
        "fp": 61,
        "tn": 239,
        "fn": 23
      },
      "best_f1": {
        "threshold": 0.6153052300906027,
        "accuracy": 0.8559837728194726,
        "precision": 0.8465909090909091,
        "recall": 0.772020725388601,
        "f1": 0.8075880758807588,
        "sensitivity": 0.772020725388601,
        "specificity": 0.91,
        "ppv": 0.8465909090909091,
        "npv": 0.861198738170347,
        "tp": 149,
        "fp": 27,
        "tn": 273,
        "fn": 44
      },
      "best_youden_j": {
        "threshold": 0.6153052300906027,
        "accuracy": 0.8559837728194726,
        "precision": 0.8465909090909091,
        "recall": 0.772020725388601,
        "f1": 0.8075880758807588,
        "sensitivity": 0.772020725388601,
        "specificity": 0.91,
        "ppv": 0.8465909090909091,
        "npv": 0.861198738170347,
        "tp": 149,
        "fp": 27,
        "tn": 273,
        "fn": 44
      }
    },
    "calibration_curve": {
      "mean_predicted_probability": [
        0.07169670826621835,
        0.09696664275323026,
        0.11724366501293985,
        0.13504889104413326,
        0.1700244853785014,
        0.3577362757908942,
        0.6247608217289116,
        0.772024769118441,
        0.9550654203153346,
        0.9855472124716094
      ],
      "fraction_of_positives": [
        0.02,
        0.04081632653061224,
        0.061224489795918366,
        0.16326530612244897,
        0.1,
        0.3877551020408163,
        0.5306122448979592,
        0.673469387755102,
        0.9387755102040817,
        1.0
      ]
    }
  },
  "calibrated_core_model_quality": {
    "roc_auc": 0.9164421416234887,
    "roc_auc_ci95": {
      "mean_bootstrap": 0.9159663424120683,
      "lower": 0.8874217369804375,
      "upper": 0.9400505909434481
    },
    "pr_auc": 0.8974623454827656,
    "pr_auc_ci95": {
      "mean_bootstrap": 0.8979599249550811,
      "lower": 0.8646075540950662,
      "upper": 0.9272142443499539
    },
    "brier_score": 0.10864670350615414,
    "brier_score_ci95": {
      "mean_bootstrap": 0.10861514385734916,
      "lower": 0.09169834102492722,
      "upper": 0.1262154429128433
    },
    "calibration_slope": 1.053181700918707,
    "calibration_intercept": -0.04298803681788272,
    "expected_calibration_error": 0.03894298548854558,
    "threshold_metrics": {
      "default_or_override": {
        "threshold": 0.2877254509018036,
        "accuracy": 0.8275862068965517,
        "precision": 0.7410714285714286,
        "recall": 0.8601036269430051,
        "f1": 0.7961630695443646,
        "sensitivity": 0.8601036269430051,
        "specificity": 0.8066666666666666,
        "ppv": 0.7410714285714286,
        "npv": 0.8996282527881041,
        "tp": 166,
        "fp": 58,
        "tn": 242,
        "fn": 27
      },
      "best_f1": {
        "threshold": 0.5546972889930813,
        "accuracy": 0.8559837728194726,
        "precision": 0.8465909090909091,
        "recall": 0.772020725388601,
        "f1": 0.8075880758807588,
        "sensitivity": 0.772020725388601,
        "specificity": 0.91,
        "ppv": 0.8465909090909091,
        "npv": 0.861198738170347,
        "tp": 149,
        "fp": 27,
        "tn": 273,
        "fn": 44
      },
      "best_youden_j": {
        "threshold": 0.5546972889930813,
        "accuracy": 0.8559837728194726,
        "precision": 0.8465909090909091,
        "recall": 0.772020725388601,
        "f1": 0.8075880758807588,
        "sensitivity": 0.772020725388601,
        "specificity": 0.91,
        "ppv": 0.8465909090909091,
        "npv": 0.861198738170347,
        "tp": 149,
        "fp": 27,
        "tn": 273,
        "fn": 44
      }
    },
    "calibration_curve": {
      "mean_predicted_probability": [
        0.056758690826518625,
        0.07718208080391961,
        0.09374514730242846,
        0.10842112418671383,
        0.13767004225875382,
        0.3043799518657883,
        0.5651700303715914,
        0.7259679825570614,
        0.9431591549910772,
        0.9815316577836961
      ],
      "fraction_of_positives": [
        0.02,
        0.04081632653061224,
        0.061224489795918366,
        0.16326530612244897,
        0.1,
        0.3877551020408163,
        0.5306122448979592,
        0.673469387755102,
        0.9387755102040817,
        1.0
      ]
    }
  },
  "calibration": {
    "applied": true,
    "method": "bias_only",
    "source_model": "mustafa",
    "calibration_size": 0.3
  },