{
  "generated_at": "2026-06-10T14:43:55.510173+00:00",
  "model": "alex5050",
  "dataset": {
    "consented_records_total": 3000,
    "usable_records": 2465,
    "evaluation_records": 493,
    "evaluation_positive": 193,
    "evaluation_negative": 300,
    "skipped_missing_label": 535,
    "skipped_missing_features": 0,
    "test_size": 0.2,
    "seed": 42
  },
  "core_model_quality": {
    "roc_auc": 0.9188773747841104,
    "roc_auc_ci95": {
      "mean_bootstrap": 0.9192831721831555,
      "lower": 0.8895937179911524,
      "upper": 0.9426073548143378
    },
    "pr_auc": 0.9028300813087918,
    "pr_auc_ci95": {
      "mean_bootstrap": 0.901854745183209,
      "lower": 0.8634158546104511,
      "upper": 0.9307545185607147
    },
    "brier_score": 0.10918863105346308,
    "brier_score_ci95": {
      "mean_bootstrap": 0.10945895713115979,
      "lower": 0.09034810088522088,
      "upper": 0.12764737611287133
    },
    "calibration_slope": 0.9983279807424743,
    "calibration_intercept": -0.520291918847455,
    "expected_calibration_error": 0.06605936785084979,
    "threshold_metrics": {
      "default_or_override": {
        "threshold": 0.37,
        "accuracy": 0.8377281947261663,
        "precision": 0.755656108597285,
        "recall": 0.8652849740932642,
        "f1": 0.8067632850241546,
        "sensitivity": 0.8652849740932642,
        "specificity": 0.82,
        "ppv": 0.755656108597285,
        "npv": 0.9044117647058824,
        "tp": 167,
        "fp": 54,
        "tn": 246,
        "fn": 26
      },
      "best_f1": {
        "threshold": 0.30482303260389876,
        "accuracy": 0.8438133874239351,
        "precision": 0.7521739130434782,
        "recall": 0.8963730569948186,
        "f1": 0.817966903073286,
        "sensitivity": 0.8963730569948186,
        "specificity": 0.81,
        "ppv": 0.7521739130434782,
        "npv": 0.9239543726235742,
        "tp": 173,
        "fp": 57,
        "tn": 243,
        "fn": 20
      },
      "best_youden_j": {
        "threshold": 0.30482303260389876,
        "accuracy": 0.8438133874239351,
        "precision": 0.7521739130434782,
        "recall": 0.8963730569948186,
        "f1": 0.817966903073286,
        "sensitivity": 0.8963730569948186,
        "specificity": 0.81,
        "ppv": 0.7521739130434782,
        "npv": 0.9239543726235742,
        "tp": 173,
        "fp": 57,
        "tn": 243,
        "fn": 20
      }
    },
    "calibration_curve": {
      "mean_predicted_probability": [
        0.060310929005368316,
        0.08862899073505981,
        0.1099054983290023,
        0.14506511167548816,
        0.2048034621722695,
        0.3868154266594331,
        0.6807548434870394,
        0.8532217034535733,
        0.9591412013580586,
        0.9891736980403381
      ],
      "fraction_of_positives": [
        0.06,
        0.04081632653061224,
        0.061224489795918366,
        0.061224489795918366,
        0.16,
        0.32653061224489793,
        0.4897959183673469,
        0.7959183673469388,
        0.9183673469387755,
        1.0
      ]
    }
  },
  "calibrated_core_model_quality": {
    "roc_auc": 0.9188773747841104,
    "roc_auc_ci95": {
      "mean_bootstrap": 0.918524327681474,
      "lower": 0.8917557493643631,
      "upper": 0.9432137603825482
    },
    "pr_auc": 0.9028300813087918,
    "pr_auc_ci95": {
      "mean_bootstrap": 0.9037547275131974,
      "lower": 0.8704573749122507,
      "upper": 0.9313226760547786
    },
    "brier_score": 0.10509156720499792,
    "brier_score_ci95": {
      "mean_bootstrap": 0.10488350029364861,
      "lower": 0.08740059890448969,
      "upper": 0.12260312883135117
    },
    "calibration_slope": 0.9986781289193338,
    "calibration_intercept": -0.16585364348608345,
    "expected_calibration_error": 0.02998211876858258,
    "threshold_metrics": {
      "default_or_override": {
        "threshold": 0.37,
        "accuracy": 0.8438133874239351,
        "precision": 0.7710280373831776,
        "recall": 0.8549222797927462,
        "f1": 0.8108108108108109,
        "sensitivity": 0.8549222797927462,
        "specificity": 0.8366666666666667,
        "ppv": 0.7710280373831776,
        "npv": 0.899641577060932,
        "tp": 165,
        "fp": 49,
        "tn": 251,
        "fn": 28
      },
      "best_f1": {
        "threshold": 0.23515379000864492,
        "accuracy": 0.8438133874239351,
        "precision": 0.7521739130434782,
        "recall": 0.8963730569948186,
        "f1": 0.817966903073286,
        "sensitivity": 0.8963730569948186,
        "specificity": 0.81,
        "ppv": 0.7521739130434782,
        "npv": 0.9239543726235742,
        "tp": 173,
        "fp": 57,
        "tn": 243,
        "fn": 20
      },
      "best_youden_j": {
        "threshold": 0.23515379000864492,
        "accuracy": 0.8438133874239351,
        "precision": 0.7521739130434782,
        "recall": 0.8963730569948186,
        "f1": 0.817966903073286,
        "sensitivity": 0.8963730569948186,
        "specificity": 0.81,
        "ppv": 0.7521739130434782,
        "npv": 0.9239543726235742,
        "tp": 173,
        "fp": 57,
        "tn": 243,
        "fn": 20
      }
    },
    "calibration_curve": {
      "mean_predicted_probability": [
        0.043085418933665035,
        0.0638457944839942,
        0.0796905733730431,
        0.1063622112811253,
        0.15313726695559535,
        0.3097221614126329,
        0.6008185006033072,
        0.8039076547569148,
        0.942872681911329,
        0.9846494296583626
      ],
      "fraction_of_positives": [
        0.06,
        0.04081632653061224,
        0.061224489795918366,
        0.061224489795918366,
        0.16,
        0.32653061224489793,
        0.4897959183673469,
        0.7959183673469388,
        0.9183673469387755,
        1.0
      ]
    }
  },
  "calibration": {
    "applied": true,
    "method": "bias_only",
    "source_model": "alex5050",
    "calibration_size": 0.3
  },