{
  "generated_at": "2026-06-11T13:05:52.190282+00:00",
  "model": "mustafa",
  "dataset": {
    "consented_records_total": 3000,
    "usable_records": 2465,
    "evaluation_records": 493,
    "evaluation_positive": 193,
    "evaluation_negative": 300,
    "skipped_missing_label": 535,
    "skipped_missing_features": 0,
    "test_size": 0.2,
    "seed": 42
  },
  "core_model_quality": {
    "roc_auc": 0.9172711571675303,
    "roc_auc_ci95": {
      "mean_bootstrap": 0.9178207975666758,
      "lower": 0.8895437323207913,
      "upper": 0.9420797534919155
    },
    "pr_auc": 0.8965333006628093,
    "pr_auc_ci95": {
      "mean_bootstrap": 0.8955843620477387,
      "lower": 0.8580945059154217,
      "upper": 0.9266689817881804
    },
    "brier_score": 0.11108549280826065,
    "brier_score_ci95": {
      "mean_bootstrap": 0.11113002196790941,
      "lower": 0.09348422697748816,
      "upper": 0.1305565418578045
    },
    "calibration_slope": 1.0252084323528512,
    "calibration_intercept": -0.3142005859828028,
    "expected_calibration_error": 0.05160313987638187,
    "threshold_metrics": {
      "default_or_override": {
        "threshold": 0.2877254509018036,
        "accuracy": 0.8255578093306288,
        "precision": 0.7336244541484717,
        "recall": 0.8704663212435233,
        "f1": 0.7962085308056872,
        "sensitivity": 0.8704663212435233,
        "specificity": 0.7966666666666666,
        "ppv": 0.7336244541484717,
        "npv": 0.9053030303030303,
        "tp": 168,
        "fp": 61,
        "tn": 239,
        "fn": 25
      },
      "best_f1": {
        "threshold": 0.6010072965314617,
        "accuracy": 0.8580121703853956,
        "precision": 0.8324324324324325,
        "recall": 0.7979274611398963,
        "f1": 0.8148148148148148,
        "sensitivity": 0.7979274611398963,
        "specificity": 0.8966666666666666,
        "ppv": 0.8324324324324325,
        "npv": 0.8733766233766234,
        "tp": 154,
        "fp": 31,
        "tn": 269,
        "fn": 39
      },
      "best_youden_j": {
        "threshold": 0.6010072965314617,
        "accuracy": 0.8580121703853956,
        "precision": 0.8324324324324325,
        "recall": 0.7979274611398963,
        "f1": 0.8148148148148148,
        "sensitivity": 0.7979274611398963,
        "specificity": 0.8966666666666666,
        "ppv": 0.8324324324324325,
        "npv": 0.8733766233766234,
        "tp": 154,
        "fp": 31,
        "tn": 269,
        "fn": 39
      }
    },
    "calibration_curve": {
      "mean_predicted_probability": [
        0.06537200690471927,
        0.08977275766072043,
        0.1065178009586146,
        0.12590206443808316,
        0.16078716928855488,
        0.36997635671559176,
        0.6425136455398925,
        0.7830516551117583,
        0.9492843723347202,
        0.9831983331192694
      ],
      "fraction_of_positives": [
        0.02,
        0.02040816326530612,
        0.12244897959183673,
        0.08163265306122448,
        0.16,
        0.3469387755102041,
        0.46938775510204084,
        0.7551020408163265,
        0.9591836734693877,
        0.98
      ]
    }
  },
  "calibrated_core_model_quality": {
    "roc_auc": 0.9172711571675303,
    "roc_auc_ci95": {
      "mean_bootstrap": 0.9167976977011704,
      "lower": 0.8898624423145189,
      "upper": 0.9402888132381455
    },
    "pr_auc": 0.8965333006628093,
    "pr_auc_ci95": {
      "mean_bootstrap": 0.8970089489205026,
      "lower": 0.8625436973536741,
      "upper": 0.9264414910116372
    },
    "brier_score": 0.10983939426440836,
    "brier_score_ci95": {
      "mean_bootstrap": 0.10977551285155197,
      "lower": 0.09250974693624119,
      "upper": 0.12793939422635467
    },
    "calibration_slope": 1.0250711591155017,
    "calibration_intercept": -0.18572554539482625,
    "expected_calibration_error": 0.03328109331939546,
    "threshold_metrics": {
      "default_or_override": {
        "threshold": 0.2877254509018036,
        "accuracy": 0.8235294117647058,
        "precision": 0.7324561403508771,
        "recall": 0.8652849740932642,
        "f1": 0.7933491686460807,
        "sensitivity": 0.8652849740932642,
        "specificity": 0.7966666666666666,
        "ppv": 0.7324561403508771,
        "npv": 0.9018867924528302,
        "tp": 167,
        "fp": 61,
        "tn": 239,
        "fn": 26
      },
      "best_f1": {
        "threshold": 0.5706892794662246,
        "accuracy": 0.8580121703853956,
        "precision": 0.8324324324324325,
        "recall": 0.7979274611398963,
        "f1": 0.8148148148148148,
        "sensitivity": 0.7979274611398963,
        "specificity": 0.8966666666666666,
        "ppv": 0.8324324324324325,
        "npv": 0.8733766233766234,
        "tp": 154,
        "fp": 31,
        "tn": 269,
        "fn": 39
      },
      "best_youden_j": {
        "threshold": 0.5706892794662246,
        "accuracy": 0.8580121703853956,
        "precision": 0.8324324324324325,
        "recall": 0.7979274611398963,
        "f1": 0.8148148148148148,
        "sensitivity": 0.7979274611398963,
        "specificity": 0.8966666666666666,
        "ppv": 0.8324324324324325,
        "npv": 0.8733766233766234,
        "tp": 154,
        "fp": 31,
        "tn": 269,
        "fn": 39
      }
    },
    "calibration_curve": {
      "mean_predicted_probability": [
        0.058148845012086905,
        0.08007150551358957,
        0.09519673730949503,
        0.11278081319469488,
        0.14466748182023056,
        0.34240467066059327,
        0.6135944770564056,
        0.761435487693405,
        0.9429876297839588,
        0.9810114840963965
      ],
      "fraction_of_positives": [
        0.02,
        0.02040816326530612,
        0.12244897959183673,
        0.08163265306122448,
        0.16,
        0.3469387755102041,
        0.46938775510204084,
        0.7551020408163265,
        0.9591836734693877,
        0.98
      ]
    }
  },
  "calibration": {
    "applied": true,
    "method": "bias_only",
    "source_model": "mustafa",
    "calibration_size": 0.3
  },