{
  "generated_at": "2026-06-09T16:17:33.068407+00:00",
  "model": "alex5050",
  "dataset": {
    "consented_records_total": 3000,
    "usable_records": 2465,
    "evaluation_records": 493,
    "evaluation_positive": 193,
    "evaluation_negative": 300,
    "skipped_missing_label": 535,
    "skipped_missing_features": 0,
    "test_size": 0.2,
    "seed": 42
  },
  "core_model_quality": {
    "roc_auc": 0.877357512953368,
    "roc_auc_ci95": {
      "mean_bootstrap": 0.8775866581035491,
      "lower": 0.8410411990809262,
      "upper": 0.9100868681242783
    },
    "pr_auc": 0.8434959964178748,
    "pr_auc_ci95": {
      "mean_bootstrap": 0.8428063187125613,
      "lower": 0.7966010938997552,
      "upper": 0.8864255995815644
    },
    "brier_score": 0.13090876287217026,
    "brier_score_ci95": {
      "mean_bootstrap": 0.13139396036496392,
      "lower": 0.11248471729443137,
      "upper": 0.1505892047496883
    },
    "calibration_slope": 1.005767542190731,
    "calibration_intercept": 0.2507792965541479,
    "expected_calibration_error": 0.0577228808892564,
    "threshold_metrics": {
      "default_or_override": {
        "threshold": 0.37,
        "accuracy": 0.8296146044624746,
        "precision": 0.7607655502392344,
        "recall": 0.8238341968911918,
        "f1": 0.7910447761194029,
        "sensitivity": 0.8238341968911918,
        "specificity": 0.8333333333333334,
        "ppv": 0.7607655502392344,
        "npv": 0.8802816901408451,
        "tp": 159,
        "fp": 50,
        "tn": 250,
        "fn": 34
      },
      "best_f1": {
        "threshold": 0.3857160476365808,
        "accuracy": 0.8336713995943205,
        "precision": 0.7681159420289855,
        "recall": 0.8238341968911918,
        "f1": 0.795,
        "sensitivity": 0.8238341968911918,
        "specificity": 0.84,
        "ppv": 0.7681159420289855,
        "npv": 0.8811188811188811,
        "tp": 159,
        "fp": 48,
        "tn": 252,
        "fn": 34
      },
      "best_youden_j": {
        "threshold": 0.3857160476365808,
        "accuracy": 0.8336713995943205,
        "precision": 0.7681159420289855,
        "recall": 0.8238341968911918,
        "f1": 0.795,
        "sensitivity": 0.8238341968911918,
        "specificity": 0.84,
        "ppv": 0.7681159420289855,
        "npv": 0.8811188811188811,
        "tp": 159,
        "fp": 48,
        "tn": 252,
        "fn": 34
      }
    },
    "calibration_curve": {
      "mean_predicted_probability": [
        0.01993289241450434,
        0.042091776698151916,
        0.06623628997225256,
        0.10849010120596764,
        0.18907750492478514,
        0.32415022119372694,
        0.526918040162383,
        0.6790871479159168,
        0.7754457254726773,
        0.8461252759118075
      ],
      "fraction_of_positives": [
        0.1,
        0.08163265306122448,
        0.08163265306122448,
        0.02040816326530612,
        0.18,
        0.40816326530612246,
        0.5510204081632653,
        0.6938775510204082,
        0.8367346938775511,
        0.96
      ]
    }
  },
  "calibrated_core_model_quality": {
    "roc_auc": 0.877357512953368,
    "roc_auc_ci95": {
      "mean_bootstrap": 0.8769483804878873,
      "lower": 0.8423941236296375,
      "upper": 0.9087469078788936
    },
    "pr_auc": 0.8434959964178748,
    "pr_auc_ci95": {
      "mean_bootstrap": 0.8445812319405609,
      "lower": 0.7964655625046513,
      "upper": 0.8858017358478604
    },
    "brier_score": 0.13090876287217026,
    "brier_score_ci95": {
      "mean_bootstrap": 0.1309923141250003,
      "lower": 0.1136072206914161,
      "upper": 0.14946124096075064
    },
    "calibration_slope": 1.005767542190731,
    "calibration_intercept": 0.2507792965541479,
    "expected_calibration_error": 0.0577228808892564,
    "threshold_metrics": {
      "default_or_override": {
        "threshold": 0.37,
        "accuracy": 0.8296146044624746,
        "precision": 0.7607655502392344,
        "recall": 0.8238341968911918,
        "f1": 0.7910447761194029,
        "sensitivity": 0.8238341968911918,
        "specificity": 0.8333333333333334,
        "ppv": 0.7607655502392344,
        "npv": 0.8802816901408451,
        "tp": 159,
        "fp": 50,
        "tn": 250,
        "fn": 34
      },
      "best_f1": {
        "threshold": 0.3857160476365808,
        "accuracy": 0.8336713995943205,
        "precision": 0.7681159420289855,
        "recall": 0.8238341968911918,
        "f1": 0.795,
        "sensitivity": 0.8238341968911918,
        "specificity": 0.84,
        "ppv": 0.7681159420289855,
        "npv": 0.8811188811188811,
        "tp": 159,
        "fp": 48,
        "tn": 252,
        "fn": 34
      },
      "best_youden_j": {
        "threshold": 0.3857160476365808,
        "accuracy": 0.8336713995943205,
        "precision": 0.7681159420289855,
        "recall": 0.8238341968911918,
        "f1": 0.795,
        "sensitivity": 0.8238341968911918,
        "specificity": 0.84,
        "ppv": 0.7681159420289855,
        "npv": 0.8811188811188811,
        "tp": 159,
        "fp": 48,
        "tn": 252,
        "fn": 34
      }
    },
    "calibration_curve": {
      "mean_predicted_probability": [
        0.01993289241450434,
        0.042091776698151916,
        0.06623628997225256,
        0.10849010120596764,
        0.18907750492478514,
        0.32415022119372694,
        0.526918040162383,
        0.6790871479159168,
        0.7754457254726773,
        0.8461252759118075
      ],
      "fraction_of_positives": [
        0.1,
        0.08163265306122448,
        0.08163265306122448,
        0.02040816326530612,
        0.18,
        0.40816326530612246,
        0.5510204081632653,
        0.6938775510204082,
        0.8367346938775511,
        0.96
      ]
    }
  },
  "calibration": {
    "applied": false,
    "method": "identity",
    "source_model": "alex5050",
    "calibration_size": 0.0
  },