{
  "generated_at": "2026-06-09T16:17:13.640196+00:00",
  "model": "mustafa",
  "dataset": {
    "consented_records_total": 3000,
    "usable_records": 2465,
    "evaluation_records": 493,
    "evaluation_positive": 193,
    "evaluation_negative": 300,
    "skipped_missing_label": 535,
    "skipped_missing_features": 0,
    "test_size": 0.2,
    "seed": 42
  },
  "core_model_quality": {
    "roc_auc": 0.903747841105354,
    "roc_auc_ci95": {
      "mean_bootstrap": 0.9044116531494151,
      "lower": 0.8724862087550855,
      "upper": 0.9311101905454048
    },
    "pr_auc": 0.8881556962778939,
    "pr_auc_ci95": {
      "mean_bootstrap": 0.8873021434290188,
      "lower": 0.8470676638101663,
      "upper": 0.9209077788436923
    },
    "brier_score": 0.16872380077373295,
    "brier_score_ci95": {
      "mean_bootstrap": 0.168632770965662,
      "lower": 0.13843014708127224,
      "upper": 0.2007417053321911
    },
    "calibration_slope": 0.4556195646895118,
    "calibration_intercept": 1.265099319873093,
    "expected_calibration_error": 0.17111240233991987,
    "threshold_metrics": {
      "default_or_override": {
        "threshold": 0.2877254509018036,
        "accuracy": 0.8073022312373225,
        "precision": 0.9375,
        "recall": 0.5440414507772021,
        "f1": 0.6885245901639344,
        "sensitivity": 0.5440414507772021,
        "specificity": 0.9766666666666667,
        "ppv": 0.9375,
        "npv": 0.7690288713910761,
        "tp": 105,
        "fp": 7,
        "tn": 293,
        "fn": 88
      },
      "best_f1": {
        "threshold": 0.016970937030567405,
        "accuracy": 0.8417849898580122,
        "precision": 0.7699530516431925,
        "recall": 0.8497409326424871,
        "f1": 0.8078817733990148,
        "sensitivity": 0.8497409326424871,
        "specificity": 0.8366666666666667,
        "ppv": 0.7699530516431925,
        "npv": 0.8964285714285715,
        "tp": 164,
        "fp": 49,
        "tn": 251,
        "fn": 29
      },
      "best_youden_j": {
        "threshold": 0.016970937030567405,
        "accuracy": 0.8417849898580122,
        "precision": 0.7699530516431925,
        "recall": 0.8497409326424871,
        "f1": 0.8078817733990148,
        "sensitivity": 0.8497409326424871,
        "specificity": 0.8366666666666667,
        "ppv": 0.7699530516431925,
        "npv": 0.8964285714285715,
        "tp": 164,
        "fp": 49,
        "tn": 251,
        "fn": 29
      }
    },
    "calibration_curve": {
      "mean_predicted_probability": [
        0.00011163861487005327,
        0.0002399649659620046,
        0.0004105648813566052,
        0.0006984249186512651,
        0.0015927048117420036,
        0.013012380292060057,
        0.05701807006707149,
        0.23606630027326517,
        0.9852981072590709,
        0.9998984609746331
      ],
      "fraction_of_positives": [
        0.08,
        0.04081632653061224,
        0.10204081632653061,
        0.061224489795918366,
        0.16,
        0.30612244897959184,
        0.5306122448979592,
        0.6938775510204082,
        0.9591836734693877,
        0.98
      ]
    }
  },
  "calibrated_core_model_quality": {
    "roc_auc": 0.903747841105354,
    "roc_auc_ci95": {
      "mean_bootstrap": 0.9032334729464213,
      "lower": 0.8712597292530408,
      "upper": 0.9316695748995152
    },
    "pr_auc": 0.8881556962778939,
    "pr_auc_ci95": {
      "mean_bootstrap": 0.8883366670022392,
      "lower": 0.8519199753652046,
      "upper": 0.9206885431244776
    },
    "brier_score": 0.16872380077373295,
    "brier_score_ci95": {
      "mean_bootstrap": 0.16851356773155224,
      "lower": 0.13996641976489,
      "upper": 0.19944731014740566
    },
    "calibration_slope": 0.4556195646895118,
    "calibration_intercept": 1.265099319873093,
    "expected_calibration_error": 0.17111240233991987,
    "threshold_metrics": {
      "default_or_override": {
        "threshold": 0.2877254509018036,
        "accuracy": 0.8073022312373225,
        "precision": 0.9375,
        "recall": 0.5440414507772021,
        "f1": 0.6885245901639344,
        "sensitivity": 0.5440414507772021,
        "specificity": 0.9766666666666667,
        "ppv": 0.9375,
        "npv": 0.7690288713910761,
        "tp": 105,
        "fp": 7,
        "tn": 293,
        "fn": 88
      },
      "best_f1": {
        "threshold": 0.016970937030567405,
        "accuracy": 0.8417849898580122,
        "precision": 0.7699530516431925,
        "recall": 0.8497409326424871,
        "f1": 0.8078817733990148,
        "sensitivity": 0.8497409326424871,
        "specificity": 0.8366666666666667,
        "ppv": 0.7699530516431925,
        "npv": 0.8964285714285715,
        "tp": 164,
        "fp": 49,
        "tn": 251,
        "fn": 29
      },
      "best_youden_j": {
        "threshold": 0.016970937030567405,
        "accuracy": 0.8417849898580122,
        "precision": 0.7699530516431925,
        "recall": 0.8497409326424871,
        "f1": 0.8078817733990148,
        "sensitivity": 0.8497409326424871,
        "specificity": 0.8366666666666667,
        "ppv": 0.7699530516431925,
        "npv": 0.8964285714285715,
        "tp": 164,
        "fp": 49,
        "tn": 251,
        "fn": 29
      }
    },
    "calibration_curve": {
      "mean_predicted_probability": [
        0.00011163861487005327,
        0.0002399649659620046,
        0.0004105648813566052,
        0.0006984249186512651,
        0.0015927048117420036,
        0.013012380292060057,
        0.05701807006707149,
        0.23606630027326517,
        0.9852981072590709,
        0.9998984609746331
      ],
      "fraction_of_positives": [
        0.08,
        0.04081632653061224,
        0.10204081632653061,
        0.061224489795918366,
        0.16,
        0.30612244897959184,
        0.5306122448979592,
        0.6938775510204082,
        0.9591836734693877,
        0.98
      ]
    }
  },
  "calibration": {
    "applied": false,
    "method": "identity",
    "source_model": "mustafa",
    "calibration_size": 0.0
  },