{
  "generated_at": "2026-05-28T14:51:17.240261+00:00",
  "model": "mustafa",
  "dataset": {
    "consented_records_total": 302,
    "usable_records": 219,
    "evaluation_records": 44,
    "evaluation_positive": 15,
    "evaluation_negative": 29,
    "skipped_missing_label": 83,
    "skipped_missing_features": 0,
    "test_size": 0.2,
    "seed": 42
  },
  "core_model_quality": {
    "roc_auc": 0.993103448275862,
    "roc_auc_ci95": {
      "mean_bootstrap": 0.9928366271650354,
      "lower": 0.9683293269230769,
      "upper": 1.0
    },
    "pr_auc": 0.9888888888888889,
    "pr_auc_ci95": {
      "mean_bootstrap": 0.9899070207303767,
      "lower": 0.9589330808080808,
      "upper": 1.0
    },
    "brier_score": 0.05194173377352715,
    "brier_score_ci95": {
      "mean_bootstrap": 0.049475162999340384,
      "lower": 0.0004797872222625669,
      "upper": 0.11113838510501842
    },
    "calibration_slope": 0.060407989522837616,
    "calibration_intercept": 0.5117153166056727,
    "expected_calibration_error": 0.059217452314028786,
    "threshold_metrics": {
      "default_or_override": {
        "threshold": 0.2877254509018036,
        "accuracy": 0.9318181818181818,
        "precision": 1.0,
        "recall": 0.8,
        "f1": 0.8888888888888888,
        "sensitivity": 0.8,
        "specificity": 1.0,
        "ppv": 1.0,
        "npv": 0.90625,
        "tp": 12,
        "fp": 0,
        "tn": 29,
        "fn": 3
      },
      "best_f1": {
        "threshold": 0.18575610220432281,
        "accuracy": 0.9772727272727273,
        "precision": 1.0,
        "recall": 0.9333333333333333,
        "f1": 0.9655172413793104,
        "sensitivity": 0.9333333333333333,
        "specificity": 1.0,
        "ppv": 1.0,
        "npv": 0.9666666666666667,
        "tp": 14,
        "fp": 0,
        "tn": 29,
        "fn": 1
      },
      "best_youden_j": {
        "threshold": 0.18575610220432281,
        "accuracy": 0.9772727272727273,
        "precision": 1.0,
        "recall": 0.9333333333333333,
        "f1": 0.9655172413793104,
        "sensitivity": 0.9333333333333333,
        "specificity": 1.0,
        "ppv": 1.0,
        "npv": 0.9666666666666667,
        "tp": 14,
        "fp": 0,
        "tn": 29,
        "fn": 1
      }
    },
    "calibration_curve": {
      "mean_predicted_probability": [
        7.889144180808216e-05,
        0.0001883010772871785,
        0.00031283715361496434,
        0.00045837272773496807,
        0.0012804764119209722,
        0.0034277413215022534,
        0.06217945292592049,
        0.7654003351926804,
        0.9996814429759979,
        0.9999367952346802
      ],
      "fraction_of_positives": [
        0.0,
        0.0,
        0.0,
        0.0,
        0.0,
        0.0,
        0.4,
        1.0,
        1.0,
        1.0
      ]
    }
  },
  "evaluation_record_ids": [
    61,
    231,
    4,
    51,
    282,
    73,
    39,
    209,
    229,
    221,
    253,
    277,
    130,
    82,
    281,
    237,
    13,
    283,
    212,
    109,
    210,
    174,
    288,
    154,
    151,
    113,
    77,
    219,
    232,
    169,
    149,
    119,
    138,
    104,
    296,
    187,
    97,
    142,
    269,
    302,
    45,
    53,
    59,
    190
  ]
}