{
  "generated_at": "2026-05-28T14:53:00.050242+00:00",
  "model": "alex5050",
  "dataset": {
    "consented_records_total": 301,
    "usable_records": 218,
    "evaluation_records": 44,
    "evaluation_positive": 15,
    "evaluation_negative": 29,
    "skipped_missing_label": 83,
    "skipped_missing_features": 0,
    "test_size": 0.2,
    "seed": 42
  },
  "core_model_quality": {
    "roc_auc": 0.9908045977011495,
    "roc_auc_ci95": {
      "mean_bootstrap": 0.990268442833526,
      "lower": 0.9627572964669738,
      "upper": 1.0
    },
    "pr_auc": 0.9844444444444445,
    "pr_auc_ci95": {
      "mean_bootstrap": 0.9849468543604358,
      "lower": 0.9333040935672515,
      "upper": 1.0
    },
    "brier_score": 0.06097483504281207,
    "brier_score_ci95": {
      "mean_bootstrap": 0.06204209859049269,
      "lower": 0.04061579061456978,
      "upper": 0.08610068461586576
    },
    "calibration_slope": 0.214332141897842,
    "calibration_intercept": 0.521148139148672,
    "expected_calibration_error": 0.1379781188337471,
    "threshold_metrics": {
      "default_or_override": {
        "threshold": 0.37,
        "accuracy": 0.9318181818181818,
        "precision": 0.8333333333333334,
        "recall": 1.0,
        "f1": 0.9090909090909091,
        "sensitivity": 1.0,
        "specificity": 0.896551724137931,
        "ppv": 0.8333333333333334,
        "npv": 1.0,
        "tp": 15,
        "fp": 3,
        "tn": 26,
        "fn": 0
      },
      "best_f1": {
        "threshold": 0.5325186252593994,
        "accuracy": 0.9545454545454546,
        "precision": 0.9333333333333333,
        "recall": 0.9333333333333333,
        "f1": 0.9333333333333333,
        "sensitivity": 0.9333333333333333,
        "specificity": 0.9655172413793104,
        "ppv": 0.9333333333333333,
        "npv": 0.9655172413793104,
        "tp": 14,
        "fp": 1,
        "tn": 28,
        "fn": 1
      },
      "best_youden_j": {
        "threshold": 0.5325186252593994,
        "accuracy": 0.9545454545454546,
        "precision": 0.9333333333333333,
        "recall": 0.9333333333333333,
        "f1": 0.9333333333333333,
        "sensitivity": 0.9333333333333333,
        "specificity": 0.9655172413793104,
        "ppv": 0.9333333333333333,
        "npv": 0.9655172413793104,
        "tp": 14,
        "fp": 1,
        "tn": 28,
        "fn": 1
      }
    },
    "calibration_curve": {
      "mean_predicted_probability": [
        0.030489909555763008,
        0.0582857308909297,
        0.0863477885723114,
        0.16211658716201782,
        0.19616634771227837,
        0.3050951883196831,
        0.5031562983989716,
        0.7054418176412582,
        0.8145367354154587,
        0.8660049319267273
      ],
      "fraction_of_positives": [
        0.0,
        0.0,
        0.0,
        0.0,
        0.0,
        0.0,
        0.4,
        1.0,
        1.0,
        1.0
      ]
    }
  },
  "evaluation_record_ids": [
    237,
    187,
    4,
    51,
    278,
    73,
    39,
    209,
    229,
    221,
    253,
    275,
    13,
    82,
    130,
    50,
    169,
    283,
    61,
    109,
    124,
    174,
    287,
    97,
    151,
    113,
    77,
    219,
    232,
    60,
    149,
    119,
    192,
    104,
    295,
    212,
    210,
    142,
    269,
    301,
    279,
    53,
    163,
    190
  ]
}