{
  "generated_at": "2026-05-28T14:49:06.200127+00:00",
  "model": "mustafa",
  "dataset": {
    "consented_records_total": 301,
    "usable_records": 218,
    "evaluation_records": 44,
    "evaluation_positive": 15,
    "evaluation_negative": 29,
    "skipped_missing_label": 83,
    "skipped_missing_features": 0,
    "test_size": 0.2,
    "seed": 42
  },
  "core_model_quality": {
    "roc_auc": 0.993103448275862,
    "roc_auc_ci95": {
      "mean_bootstrap": 0.9935187011377132,
      "lower": 0.9742077175697865,
      "upper": 1.0
    },
    "pr_auc": 0.9888888888888889,
    "pr_auc_ci95": {
      "mean_bootstrap": 0.989484253057474,
      "lower": 0.9528365384615384,
      "upper": 1.0
    },
    "brier_score": 0.06879962996644545,
    "brier_score_ci95": {
      "mean_bootstrap": 0.06876747367012256,
      "lower": 0.015175432708583706,
      "upper": 0.13847361348895207
    },
    "calibration_slope": 0.05983725626891877,
    "calibration_intercept": 0.5090889524873025,
    "expected_calibration_error": 0.07605569384693145,
    "threshold_metrics": {
      "default_or_override": {
        "threshold": 0.2877254509018036,
        "accuracy": 0.9090909090909091,
        "precision": 1.0,
        "recall": 0.7333333333333333,
        "f1": 0.8461538461538461,
        "sensitivity": 0.7333333333333333,
        "specificity": 1.0,
        "ppv": 1.0,
        "npv": 0.8787878787878788,
        "tp": 11,
        "fp": 0,
        "tn": 29,
        "fn": 4
      },
      "best_f1": {
        "threshold": 0.13152892887592316,
        "accuracy": 0.9772727272727273,
        "precision": 1.0,
        "recall": 0.9333333333333333,
        "f1": 0.9655172413793104,
        "sensitivity": 0.9333333333333333,
        "specificity": 1.0,
        "ppv": 1.0,
        "npv": 0.9666666666666667,
        "tp": 14,
        "fp": 0,
        "tn": 29,
        "fn": 1
      },
      "best_youden_j": {
        "threshold": 0.13152892887592316,
        "accuracy": 0.9772727272727273,
        "precision": 1.0,
        "recall": 0.9333333333333333,
        "f1": 0.9655172413793104,
        "sensitivity": 0.9333333333333333,
        "specificity": 1.0,
        "ppv": 1.0,
        "npv": 0.9666666666666667,
        "tp": 14,
        "fp": 0,
        "tn": 29,
        "fn": 1
      }
    },
    "calibration_curve": {
      "mean_predicted_probability": [
        7.889144180808216e-05,
        0.0001970605480892118,
        0.0003134455546387471,
        0.0006319305975921452,
        0.0016848997911438346,
        0.006950282375328243,
        0.05133401826024055,
        0.5899380333721638,
        0.9993374049663544,
        0.9999281525611877
      ],
      "fraction_of_positives": [
        0.0,
        0.0,
        0.0,
        0.0,
        0.0,
        0.0,
        0.4,
        1.0,
        1.0,
        1.0
      ]
    }
  },
  "evaluation_record_ids": [
    237,
    187,
    4,
    51,
    278,
    73,
    39,
    209,
    229,
    221,
    253,
    275,
    13,
    82,
    130,
    50,
    169,
    283,
    61,
    109,
    124,
    174,
    287,
    97,
    151,
    113,
    77,
    219,
    232,
    60,
    149,
    119,
    192,
    104,
    295,
    212,
    210,
    142,
    269,
    301,
    279,
    53,
    163,
    190
  ]
}