{
  "generated_at": "2026-06-09T17:43:33.401075+00:00",
  "model": "mustafa",
  "dataset": {
    "consented_records_total": 3000,
    "usable_records": 2465,
    "evaluation_records": 493,
    "evaluation_positive": 193,
    "evaluation_negative": 300,
    "skipped_missing_label": 535,
    "skipped_missing_features": 0,
    "test_size": 0.2,
    "seed": 42
  },
  "core_model_quality": {
    "roc_auc": 0.9167875647668393,
    "roc_auc_ci95": {
      "mean_bootstrap": 0.9173297920062746,
      "lower": 0.8898227178430815,
      "upper": 0.940997922543349
    },
    "pr_auc": 0.8990650799874871,
    "pr_auc_ci95": {
      "mean_bootstrap": 0.8982043881605898,
      "lower": 0.8629884419261805,
      "upper": 0.9279719514292596
    },
    "brier_score": 0.1107235220005955,
    "brier_score_ci95": {
      "mean_bootstrap": 0.11071323408227395,
      "lower": 0.09374669190282625,
      "upper": 0.12951140857077784
    },
    "calibration_slope": 1.0201323141592606,
    "calibration_intercept": -0.3187791917299268,
    "expected_calibration_error": 0.03660673759285381,
    "threshold_metrics": {
      "default_or_override": {
        "threshold": 0.2877254509018036,
        "accuracy": 0.8133874239350912,
        "precision": 0.7148936170212766,
        "recall": 0.8704663212435233,
        "f1": 0.7850467289719626,
        "sensitivity": 0.8704663212435233,
        "specificity": 0.7766666666666666,
        "ppv": 0.7148936170212766,
        "npv": 0.9031007751937985,
        "tp": 168,
        "fp": 67,
        "tn": 233,
        "fn": 25
      },
      "best_f1": {
        "threshold": 0.6176457757034386,
        "accuracy": 0.8559837728194726,
        "precision": 0.8388888888888889,
        "recall": 0.7823834196891192,
        "f1": 0.8096514745308311,
        "sensitivity": 0.7823834196891192,
        "specificity": 0.9033333333333333,
        "ppv": 0.8388888888888889,
        "npv": 0.865814696485623,
        "tp": 151,
        "fp": 29,
        "tn": 271,
        "fn": 42
      },
      "best_youden_j": {
        "threshold": 0.48401854120569965,
        "accuracy": 0.845841784989858,
        "precision": 0.7853658536585366,
        "recall": 0.8341968911917098,
        "f1": 0.8090452261306532,
        "sensitivity": 0.8341968911917098,
        "specificity": 0.8533333333333334,
        "ppv": 0.7853658536585366,
        "npv": 0.8888888888888888,
        "tp": 161,
        "fp": 44,
        "tn": 256,
        "fn": 32
      }
    },
    "calibration_curve": {
      "mean_predicted_probability": [
        0.06179038647909462,
        0.08634924590983425,
        0.11002991094116263,
        0.13194392620996717,
        0.17656109351346663,
        0.3715448169226233,
        0.626480515730821,
        0.7646145394690449,
        0.9623752477995108,
        0.990319513749672
      ],
      "fraction_of_positives": [
        0.02,
        0.04081632653061224,
        0.061224489795918366,
        0.10204081632653061,
        0.24,
        0.2653061224489796,
        0.5306122448979592,
        0.7142857142857143,
        0.9387755102040817,
        1.0
      ]
    }
  },
  "calibrated_core_model_quality": {
    "roc_auc": 0.9167875647668393,
    "roc_auc_ci95": {
      "mean_bootstrap": 0.9162785362277522,
      "lower": 0.8891231694881743,
      "upper": 0.9395057673273093
    },
    "pr_auc": 0.8990650799874871,
    "pr_auc_ci95": {
      "mean_bootstrap": 0.8994287674961015,
      "lower": 0.8658820895852362,
      "upper": 0.9281485422353949
    },
    "brier_score": 0.1105097367022089,
    "brier_score_ci95": {
      "mean_bootstrap": 0.11044746113555771,
      "lower": 0.09429480959308156,
      "upper": 0.12681155543150413
    },
    "calibration_slope": 1.122054271409075,
    "calibration_intercept": -0.2621402118847105,
    "expected_calibration_error": 0.04180488329266891,
    "threshold_metrics": {
      "default_or_override": {
        "threshold": 0.2877254509018036,
        "accuracy": 0.8113590263691683,
        "precision": 0.711864406779661,
        "recall": 0.8704663212435233,
        "f1": 0.7832167832167832,
        "sensitivity": 0.8704663212435233,
        "specificity": 0.7733333333333333,
        "ppv": 0.711864406779661,
        "npv": 0.9027237354085603,
        "tp": 168,
        "fp": 68,
        "tn": 232,
        "fn": 25
      },
      "best_f1": {
        "threshold": 0.5953123252728054,
        "accuracy": 0.8559837728194726,
        "precision": 0.8388888888888889,
        "recall": 0.7823834196891192,
        "f1": 0.8096514745308311,
        "sensitivity": 0.7823834196891192,
        "specificity": 0.9033333333333333,
        "ppv": 0.8388888888888889,
        "npv": 0.865814696485623,
        "tp": 151,
        "fp": 29,
        "tn": 271,
        "fn": 42
      },
      "best_youden_j": {
        "threshold": 0.4729927616396411,
        "accuracy": 0.845841784989858,
        "precision": 0.7853658536585366,
        "recall": 0.8341968911917098,
        "f1": 0.8090452261306532,
        "sensitivity": 0.8341968911917098,
        "specificity": 0.8533333333333334,
        "ppv": 0.7853658536585366,
        "npv": 0.8888888888888888,
        "tp": 161,
        "fp": 44,
        "tn": 256,
        "fn": 32
      }
    },
    "calibration_curve": {
      "mean_predicted_probability": [
        0.07418254215371692,
        0.10020613658796414,
        0.12448681851833998,
        0.1464468959664501,
        0.18988256324819694,
        0.37062020776757026,
        0.6037279070665688,
        0.7364178404473912,
        0.9481599895713687,
        0.9848143816702843
      ],
      "fraction_of_positives": [
        0.02,
        0.04081632653061224,
        0.061224489795918366,
        0.10204081632653061,
        0.24,
        0.2653061224489796,
        0.5306122448979592,
        0.7142857142857143,
        0.9387755102040817,
        1.0
      ]
    }
  },
  "calibration": {
    "applied": true,
    "method": "bias_only",
    "source_model": "mustafa",
    "calibration_size": 0.3
  },