{
  "generated_at": "2026-05-28T14:50:46.000321+00:00",
  "model": "alex5050",
  "dataset": {
    "consented_records_total": 302,
    "usable_records": 219,
    "evaluation_records": 44,
    "evaluation_positive": 15,
    "evaluation_negative": 29,
    "skipped_missing_label": 83,
    "skipped_missing_features": 0,
    "test_size": 0.2,
    "seed": 42
  },
  "core_model_quality": {
    "roc_auc": 0.9908045977011494,
    "roc_auc_ci95": {
      "mean_bootstrap": 0.9907971828294929,
      "lower": 0.964692265795207,
      "upper": 1.0
    },
    "pr_auc": 0.9838235294117647,
    "pr_auc_ci95": {
      "mean_bootstrap": 0.9827868460236686,
      "lower": 0.9333333333333332,
      "upper": 1.0
    },
    "brier_score": 0.05748954316048118,
    "brier_score_ci95": {
      "mean_bootstrap": 0.057756665784602534,
      "lower": 0.03899735881389745,
      "upper": 0.07995968595495566
    },
    "calibration_slope": 0.215927059679798,
    "calibration_intercept": 0.5595716304878596,
    "expected_calibration_error": 0.14939659587319265,
    "threshold_metrics": {
      "default_or_override": {
        "threshold": 0.37,
        "accuracy": 0.9545454545454546,
        "precision": 0.8823529411764706,
        "recall": 1.0,
        "f1": 0.9375,
        "sensitivity": 1.0,
        "specificity": 0.9310344827586207,
        "ppv": 0.8823529411764706,
        "npv": 1.0,
        "tp": 15,
        "fp": 2,
        "tn": 27,
        "fn": 0
      },
      "best_f1": {
        "threshold": 0.42191702127456665,
        "accuracy": 0.9545454545454546,
        "precision": 0.8823529411764706,
        "recall": 1.0,
        "f1": 0.9375,
        "sensitivity": 1.0,
        "specificity": 0.9310344827586207,
        "ppv": 0.8823529411764706,
        "npv": 1.0,
        "tp": 15,
        "fp": 2,
        "tn": 27,
        "fn": 0
      },
      "best_youden_j": {
        "threshold": 0.42191702127456665,
        "accuracy": 0.9545454545454546,
        "precision": 0.8823529411764706,
        "recall": 1.0,
        "f1": 0.9375,
        "sensitivity": 1.0,
        "specificity": 0.9310344827586207,
        "ppv": 0.8823529411764706,
        "npv": 1.0,
        "tp": 15,
        "fp": 2,
        "tn": 27,
        "fn": 0
      }
    },
    "calibration_curve": {
      "mean_predicted_probability": [
        0.025100015755742788,
        0.05057793855667114,
        0.07498239912092686,
        0.14443843215703964,
        0.18351586908102036,
        0.2556869126856327,
        0.4386813998222351,
        0.674079179763794,
        0.8039064854383469,
        0.8410711526870728
      ],
      "fraction_of_positives": [
        0.0,
        0.0,
        0.0,
        0.0,
        0.0,
        0.0,
        0.4,
        1.0,
        1.0,
        1.0
      ]
    }
  },
  "evaluation_record_ids": [
    61,
    231,
    4,
    51,
    282,
    73,
    39,
    209,
    229,
    221,
    253,
    277,
    130,
    82,
    281,
    237,
    13,
    283,
    212,
    109,
    210,
    174,
    288,
    154,
    151,
    113,
    77,
    219,
    232,
    169,
    149,
    119,
    138,
    104,
    296,
    187,
    97,
    142,
    269,
    302,
    45,
    53,
    59,
    190
  ]
}