{
  "generated_at": "2026-06-09T13:47:33.060297+00:00",
  "model": "alex5050",
  "dataset": {
    "consented_records_total": 3000,
    "usable_records": 2465,
    "evaluation_records": 493,
    "evaluation_positive": 193,
    "evaluation_negative": 300,
    "skipped_missing_label": 535,
    "skipped_missing_features": 0,
    "test_size": 0.2,
    "seed": 42
  },
  "core_model_quality": {
    "roc_auc": 0.9292746113989637,
    "roc_auc_ci95": {
      "mean_bootstrap": 0.9297709240918123,
      "lower": 0.9039125863816958,
      "upper": 0.9516541414684174
    },
    "pr_auc": 0.9061487334099083,
    "pr_auc_ci95": {
      "mean_bootstrap": 0.9052046813855205,
      "lower": 0.8643896494221442,
      "upper": 0.9376738587822527
    },
    "brier_score": 0.10299446438952979,
    "brier_score_ci95": {
      "mean_bootstrap": 0.10309542093147309,
      "lower": 0.08527731573872548,
      "upper": 0.12075558116999094
    },
    "calibration_slope": 0.16225142032915327,
    "calibration_intercept": 0.41585415469654896,
    "expected_calibration_error": 0.05871802118591225,
    "threshold_metrics": {
      "default_or_override": {
        "threshold": 0.37,
        "accuracy": 0.8397565922920892,
        "precision": 0.7435897435897436,
        "recall": 0.9015544041450777,
        "f1": 0.8149882903981265,
        "sensitivity": 0.9015544041450777,
        "specificity": 0.8,
        "ppv": 0.7435897435897436,
        "npv": 0.9266409266409267,
        "tp": 174,
        "fp": 60,
        "tn": 240,
        "fn": 19
      },
      "best_f1": {
        "threshold": 0.4988237957746135,
        "accuracy": 0.8640973630831643,
        "precision": 0.7889908256880734,
        "recall": 0.8911917098445595,
        "f1": 0.8369829683698297,
        "sensitivity": 0.8911917098445595,
        "specificity": 0.8466666666666667,
        "ppv": 0.7889908256880734,
        "npv": 0.9236363636363636,
        "tp": 172,
        "fp": 46,
        "tn": 254,
        "fn": 21
      },
      "best_youden_j": {
        "threshold": 0.4988237957746135,
        "accuracy": 0.8640973630831643,
        "precision": 0.7889908256880734,
        "recall": 0.8911917098445595,
        "f1": 0.8369829683698297,
        "sensitivity": 0.8911917098445595,
        "specificity": 0.8466666666666667,
        "ppv": 0.7889908256880734,
        "npv": 0.9236363636363636,
        "tp": 172,
        "fp": 46,
        "tn": 254,
        "fn": 21
      }
    },
    "calibration_curve": {
      "mean_predicted_probability": [
        0.05974904999872999,
        0.0836039868858597,
        0.10114251170066209,
        0.13350723380285953,
        0.2083969382463423,
        0.4552393546214908,
        0.7119766316815601,
        0.8379155877008692,
        0.93292020180431,
        0.9796343026143632
      ],
      "fraction_of_positives": [
        0.02,
        0.08163265306122448,
        0.02040816326530612,
        0.04081632653061224,
        0.14,
        0.3673469387755102,
        0.5102040816326531,
        0.8163265306122449,
        0.9387755102040817,
        0.98
      ]
    }
  },
  "calibrated_core_model_quality": {
    "roc_auc": 0.9292746113989637,
    "roc_auc_ci95": {
      "mean_bootstrap": 0.9289757021078088,
      "lower": 0.9046009023278025,
      "upper": 0.951261725012412
    },
    "pr_auc": 0.9061487334099083,
    "pr_auc_ci95": {
      "mean_bootstrap": 0.907036121800965,
      "lower": 0.8704674819227199,
      "upper": 0.938000744141292
    },
    "brier_score": 0.10299446438952979,
    "brier_score_ci95": {
      "mean_bootstrap": 0.10292185840037274,
      "lower": 0.0848031637574145,
      "upper": 0.1198674087719057
    },
    "calibration_slope": 0.16225142032915327,
    "calibration_intercept": 0.41585415469654896,
    "expected_calibration_error": 0.05871802118591225,
    "threshold_metrics": {
      "default_or_override": {
        "threshold": 0.37,
        "accuracy": 0.8397565922920892,
        "precision": 0.7435897435897436,
        "recall": 0.9015544041450777,
        "f1": 0.8149882903981265,
        "sensitivity": 0.9015544041450777,
        "specificity": 0.8,
        "ppv": 0.7435897435897436,
        "npv": 0.9266409266409267,
        "tp": 174,
        "fp": 60,
        "tn": 240,
        "fn": 19
      },
      "best_f1": {
        "threshold": 0.4988237957746135,
        "accuracy": 0.8640973630831643,
        "precision": 0.7889908256880734,
        "recall": 0.8911917098445595,
        "f1": 0.8369829683698297,
        "sensitivity": 0.8911917098445595,
        "specificity": 0.8466666666666667,
        "ppv": 0.7889908256880734,
        "npv": 0.9236363636363636,
        "tp": 172,
        "fp": 46,
        "tn": 254,
        "fn": 21
      },
      "best_youden_j": {
        "threshold": 0.4988237957746135,
        "accuracy": 0.8640973630831643,
        "precision": 0.7889908256880734,
        "recall": 0.8911917098445595,
        "f1": 0.8369829683698297,
        "sensitivity": 0.8911917098445595,
        "specificity": 0.8466666666666667,
        "ppv": 0.7889908256880734,
        "npv": 0.9236363636363636,
        "tp": 172,
        "fp": 46,
        "tn": 254,
        "fn": 21
      }
    },
    "calibration_curve": {
      "mean_predicted_probability": [
        0.05974904999872999,
        0.0836039868858597,
        0.10114251170066209,
        0.13350723380285953,
        0.2083969382463423,
        0.4552393546214908,
        0.7119766316815601,
        0.8379155877008692,
        0.93292020180431,
        0.9796343026143632
      ],
      "fraction_of_positives": [
        0.02,
        0.08163265306122448,
        0.02040816326530612,
        0.04081632653061224,
        0.14,
        0.3673469387755102,
        0.5102040816326531,
        0.8163265306122449,
        0.9387755102040817,
        0.98
      ]
    }
  },
  "calibration": {
    "applied": false,
    "method": "identity",
    "source_model": "alex5050",
    "calibration_size": 0.0
  },