{
  "method": "bias_only",
  "temperature": 1.1,
  "coef": 1.1,
  "intercept": -0.21000000000000002,
  "decision_threshold": 0.10374347918359783,
  "target_recall": 0.95,
  "fitted_at": "2026-06-11T16:45:58.273044+00:00",
  "n_samples": 246,
  "source_model": "mustafa",
  "calibration_size": 0.3
}